Xuxa da Silva;xuxa.silva@email.com
Joana Dark;joana.dark@email.com
Pedro Álvares Cabral;pedro.cabral@email.com
Chico Bento;chico.bento@email.com
Mônica Cascuda;monica.cascuda@email.com
Cebolinha Tropeço;cebolinha.tropeco@email.com
Magali Melancia;magali.melancia@email.com
Cascão Chuveiro;cascao.chuveiro@email.com
Zé Carioca;ze.carioca@email.com
Juca Bala;juca.bala@email.com
Tonho da Lua;tonho.lua@email.com
Maria Gasolina;maria.gasolina@email.com
Seu Madruga;seu.madruga@email.com
Dona Florinda;dona.florinda@email.com
Chiquinha Sapeca;chiquinha.sapeca@email.com
Quico Bola;quico.bola@email.com
Professor Girafales;professor.girafales@email.com
Godofredo Pipoca;godofredo.pipoca@email.com
Tia Cotinha;tia.cotinha@email.com
Zezinho Pipoca;zezinho.pipoca@email.com
Beto Carrero;beto.carrero@email.com
Tião Macalé;tiao.macale@email.com
Jorge Sorvete;jorge.sorvete@email.com
Ana Banana;ana.banana@email.com
Luiz do Pneu;luiz.pneu@email.com
Rita Laranja;rita.laranja@email.com
Carlos Marmita;carlos.marmita@email.com
Paulo Pamonha;paulo.pamonha@email.com
Marina Salsicha;marina.salsicha@email.com
Roberto Batata;roberto.batata@email.com
Clara Ovo;clara.ovo@email.com
Joaquim Pipoca;joaquim.pipoca@email.com
Sueli Sorvete;sueli.sorvete@email.com
Gilberto Feijão;gilberto.feijao@email.com
Sandra Melancia;sandra.melancia@email.com
Tadeu Torrada;tadeu.torrada@email.com
Vera Verdura;vera.verdura@email.com
Nelson Chuchu;nelson.chuchu@email.com
Patrícia Picolé;patricia.picole@email.com
Fábio Farofa;fabio.farofa@email.com
Helena Hambúrguer;helena.hamburguer@email.com
Ronaldo Rabanete;ronaldo.rabanete@email.com
Bruna Broa;bruna.broa@email.com
Marcelo Macarrão;marcelo.macarrao@email.com
Fernanda Fubá;fernanda.fuba@email.com
Sérgio Salsicha;sergio.salsicha@email.com
Juliana Jiló;juliana.jilo@email.com
Renato Rúcula;renato.rucula@email.com
Tatiana Tapioca;tatiana.tapioca@email.com
Eduardo Empada;eduardo.empada@email.com
Simone Sagu;simone.sagu@email.com
Gustavo Goiaba;gustavo.goiaba@email.com
Priscila Pudim;priscila.pudim@email.com
Leandro Limão;leandro.limao@email.com
Camila Canjica;camila.canjica@email.com
Rodrigo Rabanada;rodrigo.rabanada@email.com
Beatriz Biscoito;beatriz.biscoito@email.com
Felipe Fubá;felipe.fuba@email.com
Luciana Laranja;luciana.laranja@email.com
Maurício Melão;mauricio.melao@email.com
Patrícia Pipoca;patricia.pipoca@email.com
Vinícius Vatapá;vinicius.vatapa@email.com
Sofia Sorvete;sofia.sorvete@email.com
André Abacate;andre.abacate@email.com
Carla Cuscuz;carla.cuscuz@email.com
Rafael Rabanete;rafael.rabanete@email.com
Isabela Iogurte;isabela.iogurte@email.com
Tiago Tapioca;tiago.tapioca@email.com
Letícia Limão;leticia.limao@email.com
Gabriel Goiaba;gabriel.goiaba@email.com
Paula Pudim;paula.pudim@email.com
Lucas Laranja;lucas.laranja@email.com
Amanda Amendoim;amanda.amendoim@email.com
Bruno Broa;bruno.broa@email.com
Mariana Macarrão;mariana.macarrao@email.com
Fernando Fubá;fernando.fuba@email.com
Sabrina Salsicha;sabrina.salsicha@email.com
Julio Jiló;julio.jilo@email.com
Renata Rúcula;renata.rucula@email.com
Tatiane Tapioca;tatiane.tapioca@email.com
Eduarda Empada;eduarda.empada@email.com
Simão Sagu;simao.sagu@email.com
Gustava Goiaba;gustava.goiaba@email.com
Priscilo Pudim;priscilo.pudim@email.com
Leandra Limão;leandra.limao@email.com
Camilio Canjica;camilio.canjica@email.com
Rodriga Rabanada;rodriga.rabanada@email.com
Beatrizo Biscoito;beatrizo.biscoito@email.com
Felipa Fubá;felipa.fuba@email.com
Luciano Laranja;luciano.laranja@email.com
Maurícia Melão;mauricia.melao@email.com
Patrício Pipoca;patricio.pipoca@email.com
Vinícia Vatapá;vinicia.vatapa@email.com
Sofio Sorvete;sofio.sorvete@email.com
Andréa Abacate;andrea.abacate@email.com
Carlos Cuscuz;carlos.cuscuz@email.com
Rafaela Rabanete;rafaela.rabanete@email.com
Isabel Iogurte;isabel.iogurte@email.com
Letício Limão;leticio.limao@email.com
Gabriela Goiaba;gabriela.goiaba@email.com